2.3297737,-3.946776,-3.2191575,-1.1447275,5.382225,-0.6988108,-9.625531,1.9203326,2.73596,0.16554941,-0.81572115,0.5348754,-1.1563162,5.5296555,0.01693596,3.8443887,6.5221457,-5.542075,-2.497864,1.3037685,4.2213707,0.7423998,13.109134,4.984366,-2.1296577,0.80748117,-1.4468571,-4.564916,6.9362183,-6.3243327,-1.1525608,-0.9084381,-2.4730477,-0.69431615,-2.1966379,1.3914922,-1.9179006,2.9115658,4.558995,1.1032856,-0.18839203,1.3622587,-0.12578914,1.1040393,-3.7048292,0.64648795,-0.58804345,5.0731897,-3.1251245,-1.6127383,-1.5121598,-3.4456747,-3.697391,-6.531791,-7.3217072,-10.116872,-6.3763704,0.6153632,1.4981301,0.49164248,-6.31918,3.9550984,0.41083422,1.913126,-8.167628,1.3363756,-1.0338278,5.454944,-6.2868495,-1.3730531,-2.1895766,6.120856,5.0296383,-7.454902,-2.8407238,3.0773938,-5.8654304,-1.936871,-1.544765,3.930345,6.0247836,-6.3505735,-0.48556226,-6.9234905,-1.5543549,-0.5355221,-0.6571934,3.6528099,0.6233312,2.530853,2.863947,4.8288646,4.4294963,0.84101903,2.2418683,1.7644222,6.7554636,1.0269141,0.9043213,-0.93886256,-1.8411081,-1.6516311,-5.0608563,-1.0504974,4.3050385,-5.0232043,-1.8975567,3.8134558,6.783343,-7.2061443,-5.9618425,3.6663392,0.2623011,-6.6489763,3.6477432,-6.1091075,2.64508,6.362193,2.4845505,2.2944794,-4.402385,2.0511672,-4.9437466,6.439092,1.8110992,-4.8258796,-0.42824167,-0.1245544,-4.83282,-0.015589207,-4.8163548,0.09491731,4.2237096,5.5337977,0.53626305,8.707868,5.7884583,-4.162221,2.595999,-2.102624,2.7187,-1.7305293,-1.0567712,-5.858978,1.1053314,4.8986664,1.2242078,0.21930504,1.2085949,5.8917737,0.47662422,2.6229186,4.885863,-3.5149367,-0.55798936,3.7412808,-4.0397167,4.358702,0.2508757,-4.364904,1.1501813,-0.91881186,-0.5332879,2.4998128,2.3310618,-3.4905632,2.3683376,-1.5977862,1.4755363,2.4073732,-2.2134802,1.0605013,6.191479,-2.107268,-0.65471053,2.9086132,0.22744498,3.47072,-1.9966674,5.1655545,-0.17969796,4.1867886,1.8357255,5.6809516,1.3303778,-3.8223002,0.5943964,-0.025061365,-2.72547,1.6657828,5.1618133,-0.74818075,-3.166594,-6.6042585,5.329059,4.736115,-1.0145783,-4.454527,0.42137343,-4.179434,1.8803049,1.6566633,8.430871,2.2426205,-2.5341127,0.7442355,7.914277,5.9743958,3.3618426,-0.55568624,10.0614805,-3.33764,7.1158676,-2.8923342,6.0887074,1.6205025,8.998073,1.4269986,-6.1829047,4.5321326,-1.6723253,-4.366894,-8.408071,-3.3499904,3.798211,-5.217752,-1.8720884,-2.679389,5.024109,-6.022329,-1.5362598,-1.7555397,-10.02999,-0.5014062,0.20438784,-1.3923249,2.5314965,-0.3768474,2.4089663,3.9044366,2.5235043,-5.6071067,3.032767,0.92927235,-2.4914007,1.8677495,-8.893933,-5.0158896,1.4960536,3.7040014,-4.2885237,3.8093057,-0.5017201,-1.8504174,-4.2684765,2.7368426,4.6917033,-2.8208914,3.0204875,-4.1774354,-1.5627192,3.3727856,2.6168394,5.220546,-1.0093195,-5.749038,-2.4441051,-0.37538314,3.286075,1.053364,2.638358,2.7328124,2.6952357,1.0888023,-1.2764605,-4.312468,-0.09535158,-3.350343,0.3546405,3.6061723,-6.624882,-1.2653201,-7.7024593,-0.83432096,1.8021462,4.515552,-0.37316257,2.999663,0.24172235,-0.7561775,-0.8890775,1.9138494,6.3843803,0.95611227,-3.9769914,-2.3819525,2.81097,-6.9896173,-5.178861,-0.44730878
1.0731452,-2.051537,0.1388317,-0.32993552,0.6816745,0.42844224,-1.050158,0.68299425,0.45331383,1.8809977,1.057187,1.8824737,-2.4404593,-0.09011608,-0.61155856,-0.5577728,-1.2301824,-2.7062578,-2.3115168,1.3626608,0.5646117,-0.3794988,3.2563987,2.588686,-0.5855175,-0.5796094,1.1010759,-1.0252471,-1.5170419,-0.11518568,0.5692635,0.08684322,-0.3800288,-2.4537632,-0.83759004,-0.4574594,-0.21524754,-0.23805869,1.7966354,1.7227883,-0.11430588,-0.12864608,-0.4155807,-0.5667774,0.03897664,-0.99051964,-0.7573358,0.57242304,-0.46366775,0.77298176,-0.16324589,-3.2572563,1.1506796,0.5144965,-1.7039555,-1.4681742,-0.22295105,1.1233006,-0.2604538,-0.8210871,-0.72269905,-3.475075,0.27646065,-0.45769113,-1.1716063,-0.9501494,-0.090471745,0.3955842,-0.53154624,-0.033492178,-0.15128607,0.8573656,0.85598695,-2.3676765,-1.7622247,2.2543004,-0.40190008,0.6998105,0.5685219,2.62103,0.3109652,0.5196247,-1.7352971,-2.6540334,-0.9642943,0.08860898,-1.401398,2.2869902,0.99454176,-0.10350619,0.06491223,1.693602,-1.2375959,3.2798536,-0.20866409,0.089629754,1.1331666,-0.4158377,1.3226228,-0.50999546,0.28211746,-1.0537292,-2.1503708,-1.3069334,0.28646275,0.1629928,-0.38000804,-1.6618826,-1.0131029,-3.1551766,0.10178472,1.4313642,0.41108564,0.42774004,0.8247173,-0.9795238,-1.4287035,1.5724624,2.0891418,1.1377399,-1.2157983,-0.3308224,-0.5674942,1.5668147,2.6242304,-0.07561233,-3.3913994,1.6818445,-0.746105,-1.084315,-1.2339766,-0.12670873,-0.51258594,1.4915475,1.0883242,4.106334,2.522697,-1.496312,-0.8526012,-0.40190443,0.8272215,1.5712543,-0.13443871,1.4482412,0.49128222,-0.2269533,-0.3009736,-1.3942908,0.23859793,0.3429608,-0.007341221,0.23987573,0.86997163,-1.7476819,0.16776353,0.452034,-1.5463277,-0.9666033,1.6409607,-1.7425051,1.2970799,0.6008842,1.1914546,0.045264505,-0.54963744,-1.7936913,-0.71411145,-1.9844742,0.80161256,-0.78873587,-1.8533694,-0.21735081,-0.015452504,-2.2952166,1.0294412,1.1511829,0.333174,-0.5613525,-1.1045816,3.8877459,-0.15983337,2.083613,-0.6049031,-0.62974405,1.2658167,-0.35507458,-1.4365653,-0.07144369,-1.0779305,-0.5509192,0.5695726,0.03999643,-1.0975018,-0.36769032,1.200452,0.8678384,1.1310047,-0.63058215,0.10955545,-0.08574223,0.051874228,-0.83703053,1.2521904,-0.6756778,-0.460173,0.10017514,3.3092308,1.3522401,0.19964781,-0.22070897,1.5329856,-1.2854854,1.531209,-1.1426811,-0.5063844,-0.37672833,1.7089678,0.8157288,-0.7316438,0.32650578,-0.698452,-1.8633791,1.2125235,0.09261386,1.377414,0.9897678,-1.590806,-0.3540753,2.0102513,-1.7045856,0.13393307,1.3981954,-0.3132751,-2.1440177,0.9535938,-0.7047049,0.46212614,0.5216285,1.1040338,1.5530163,-0.7009673,-0.7535083,0.24563022,-0.468494,-1.1003616,0.68231076,-0.2790225,-2.5426083,0.67620254,0.5112474,-2.0313938,0.037118256,0.36847937,-2.1898208,-2.784872,0.543484,1.188649,-0.2440565,0.3790338,-1.0584738,-0.9219717,0.2336142,1.1591291,1.0186161,-0.45574123,-1.8122351,-2.2530904,-1.3932766,0.41349584,-0.9798009,-1.0799834,1.0669976,0.4071331,1.0805202,-0.69188434,-0.53722143,1.4495426,-1.0613955,0.7442981,-1.742345,0.5299809,-1.7403867,-3.3001733,0.4894452,2.0132036,-0.39435625,1.3757927,-0.067882225,-0.010094263,-0.57652,-1.9331788,1.044312,3.4223697,0.5591165,-1.4592446,-1.4845846,-0.45498613,-1.306725,-0.39316514,-1.7110993
1.324116,2.0828345,-0.6354289,1.6442649,0.1876085,2.01474,-5.3439503,1.6142646,0.21501672,1.6757762,-2.2281246,-0.7187163,-1.1621234,-0.83643883,-1.0451342,1.5238156,1.487032,-1.7263951,-4.102639,4.131335,1.3921745,2.8788078,6.307126,3.016169,-2.252208,-0.8147858,-1.3235881,-1.6855057,-0.08387622,-0.5889818,8.244811,-3.3668365,-1.9854378,-3.8506744,-0.006888937,0.48539987,-1.4409236,1.5502424,2.239947,-2.0866973,-1.194558,0.21295021,-1.9080484,0.917925,-4.656184,1.2830226,0.2632466,3.064825,-2.847298,0.7336508,2.6597865,-4.298049,-0.86401397,-3.0493155,-3.6080267,-2.349284,-2.5975044,0.2285232,0.6056637,2.1008797,-2.2835393,-4.083632,-2.5761285,3.7809215,-5.0901732,0.44103414,4.8761954,0.18331464,-3.9321568,-2.6732407,-1.0421807,3.3475094,3.6721866,-2.5768464,-1.1976299,4.1743293,-1.6329309,4.0115943,-2.2751071,-1.6331841,0.14500836,-1.5398953,-4.155345,-5.7978168,1.8368257,-0.943401,-2.9258876,1.6028392,0.88819844,-0.35690352,2.3020172,-1.4936907,-3.0247393,1.0505639,-0.64018255,0.693694,2.475868,0.8437119,2.8007708,-0.7074319,-2.871952,-3.9544902,-4.7081676,-5.248726,-2.3672986,-4.1532407,1.7089263,3.5857437,-0.13068943,-1.670059,-5.285582,0.9822391,1.6340694,-0.5981051,1.4054432,-2.552016,1.5543758,2.9886508,-3.425389,0.22810689,-1.8620241,0.5879403,-0.8303437,5.831625,1.0932364,-2.763031,-4.94409,-0.25695828,-2.9309418,-0.8678709,-0.9078394,-0.13452457,5.668526,5.158302,0.9103745,3.4177346,2.2039769,0.8108161,2.9832294,1.5562543,3.8361077,-0.3097704,0.13830614,-0.49567753,-0.90932894,4.3497524,1.257692,-1.6067317,0.33943552,0.07812389,6.3890543,0.5274768,2.377312,1.6062424,1.7246126,0.12597619,-4.044509,-0.061831027,1.2904171,-0.75734293,0.004753332,-1.7111622,-0.40394455,0.18327986,1.1793139,-5.923023,-2.6367831,-2.52905,0.98963594,1.52825,-0.7728885,1.9077337,2.5252333,-1.2865082,0.17316416,-2.4547606,2.5048318,-1.2340144,-2.630531,1.8858402,-1.1876752,4.0518184,0.97150767,5.045579,2.3556325,-0.9315451,-0.84587175,0.1082229,-0.4049008,-1.0075887,0.5899768,1.8318942,0.562922,0.21285394,-0.4309392,-0.030473925,-2.6247969,-1.5522205,0.03697951,-1.7863532,2.0949085,-0.59185165,2.4996047,3.8843164,2.7562356,-0.45447022,3.2641675,0.40947178,6.6159425,0.28892362,5.083702,-1.1932003,1.5921282,-3.232333,0.064969465,0.25341251,-0.66739655,4.7484856,-6.122455,2.81526,1.3246571,-3.5465984,-3.8929534,4.3151755,-1.1809145,-3.0727658,-1.5834677,-1.1578307,3.5322027,-0.5274728,2.5531917,-1.2289226,-1.669429,-4.6931343,-1.4320505,-4.9204764,0.41289186,-1.978365,0.50318885,0.97157234,2.4270072,-0.062134206,4.3120303,3.1459258,-2.4939566,2.9960947,-3.6416118,-3.6394095,2.0900607,2.7228131,-5.6990337,3.144435,0.1548366,-0.28039354,-6.2812047,1.0702627,0.99519193,-2.4539502,0.85736734,-3.723697,0.6802294,1.8081189,0.5366999,3.9387069,-0.46151936,-3.319192,-4.677722,-0.4308983,-1.1432288,1.6171318,-0.7309164,5.4898405,-0.25958252,1.2339121,0.17925708,-0.6868745,0.3003051,-1.6613369,0.8233364,0.6275784,-2.0487978,-0.6243199,-7.706911,-0.19612671,-0.734458,1.7673305,-2.4166899,0.17581704,-1.4882535,1.6933621,-2.5917685,3.9935877,4.598264,0.93668246,-4.140224,-0.21351296,-5.227771,-1.4413013,-4.5181637,1.3643559
0.68227226,-1.9963248,-0.5403065,3.736732,-1.8099871,1.7397445,-1.6589063,0.58024824,3.2991545,3.405283,-1.9933496,-1.2249974,-4.8596435,-1.148863,-1.5518008,0.01841624,-0.15429172,-0.19451657,-1.7732606,1.6408311,0.8180086,1.7521566,4.8336515,3.2722354,-2.434447,-0.42389217,0.55494446,-5.0862765,-0.06702938,-0.1394952,5.605789,-2.397798,-1.0651236,-2.9556928,0.99247134,0.7138857,1.2396551,-0.39737308,3.9316025,0.25710598,-1.9024421,-0.68071496,-1.3068168,-0.9002833,-3.4631336,2.25195,-0.45888218,1.4620517,-2.5563989,2.090155,1.603503,-3.406844,-1.6938025,-4.340272,-2.950692,0.8356977,-1.6267473,-0.3868414,1.5989442,2.9154696,-1.4334873,-4.170291,-2.4392996,0.5946526,-4.65894,0.2357751,3.4590862,-0.22939828,0.46066982,0.25670558,-2.07974,1.6763973,3.8300707,-2.1339273,-1.1142482,3.5657992,-1.3695623,2.5618048,-0.23970632,0.32012776,0.5715062,-0.43922454,-3.493902,-2.5828817,0.34954238,-1.960628,-2.871346,1.5581958,1.9830521,-0.024642877,0.46515417,0.041044865,-1.8531979,2.2439296,-0.27741575,-0.46118814,0.87746835,1.9802742,1.9346007,1.4045984,-2.296259,-4.098945,-1.4616586,-5.9701242,1.6203339,-0.20210178,1.1263074,1.1168203,-0.7104522,-2.4116497,-5.6644483,0.9467342,0.4717037,0.37396407,0.82524085,-1.096722,1.7110177,2.4944727,-2.025216,2.6544557,-3.69162,0.22141846,-2.3363235,2.2475708,3.0336654,-0.39342275,-4.033548,1.08314,-0.17748013,-0.9809611,-2.3545067,-1.5806799,3.8164296,2.8770778,-0.72585505,6.044624,5.6099877,0.6427765,2.7482293,-0.1849385,1.1972709,-0.7309791,-2.616476,-0.9613679,2.2452683,1.8896959,0.27081645,-0.84341383,0.7927867,2.2582474,3.2529688,0.1310949,4.014064,0.011216965,-0.92838216,-0.4025252,-3.033975,-2.5504594,1.1794918,-1.5446266,-0.39809728,-0.5906405,-2.0195284,-0.041040063,-0.21103522,-4.060568,-0.26933107,-1.1541288,0.53318894,0.9588911,-3.7774322,-1.1828605,3.5801392,-0.8945772,0.16788174,0.29741648,4.261688,-2.3671024,-0.9871193,5.326244,0.6823891,3.1518404,-1.8364247,2.1041603,4.8386474,1.0302967,-2.1638663,-1.8886228,-1.3930688,-2.5707026,-2.4727135,0.9963177,-0.5484346,-0.8686035,0.49851337,0.20872845,0.2345453,-3.0877762,0.00979444,0.9519517,1.8246756,-0.7029487,4.2406387,0.43947643,2.9325597,-0.49993998,3.8516757,-0.1843433,2.0003777,0.13704278,3.678368,0.35563588,0.7345036,-3.5671573,-0.49361753,-0.44340977,-0.26892966,3.5294776,-3.016424,2.797619,-1.5258014,-2.2574656,0.8450031,-0.58376014,1.0523189,0.304367,-3.0151887,0.3364821,2.173396,-3.4578438,2.7628956,0.23193437,-0.7670265,-5.7512555,-0.19401112,-0.65304357,-0.8875164,-0.8257607,-0.66584927,4.5772824,-0.41958654,0.43819588,0.64315647,0.53052604,-1.7319497,0.7659082,-4.145942,-2.576035,-0.7737417,-3.2640572,-4.9648724,0.35633472,0.4046347,-0.7511723,-6.3521104,-0.7189606,1.873438,-1.3181604,2.6569688,-1.2420539,1.3235276,1.688828,1.7746408,2.9405744,1.7392019,-2.258853,-3.4204276,1.7344816,-0.62898433,-1.7134144,-1.0465915,1.8910111,-0.16775009,2.4191592,0.285057,-0.6507592,-0.3198093,-0.3669437,1.3548934,-0.09984266,-1.8832856,-2.2470822,-7.555154,-2.24691,1.5162404,3.0377367,0.83537316,-2.4088745,-1.9185643,1.587247,-2.5268116,4.1601486,5.919167,-0.21564984,-2.0081868,-0.21062955,-2.2259426,-0.19888622,-2.6064084,-1.4882631
-0.8453437,-3.2534115,-4.4592915,-1.0268892,6.3012347,-2.1334856,-15.719692,-1.4650047,2.7713177,-4.2175703,2.2154043,3.3299139,-2.0957375,7.475397,-12.5405855,-0.54435503,4.180385,-11.333618,-9.421626,9.273585,0.50466156,5.705287,19.225891,11.039065,-7.257404,1.4522598,-11.174367,-9.472975,0.7788988,0.18007506,3.8404324,-5.27303,-5.2959323,-4.5221004,-0.55194885,-2.6004412,-5.659411,2.0806394,10.412904,6.1276655,1.8575872,3.130363,-1.1404798,-5.3722177,-7.461994,4.044766,6.599076,14.043475,-5.2864757,0.42400727,-2.45298,-8.025365,0.75786775,-4.813344,-10.71956,-9.206979,-6.3649645,6.4534154,1.1557022,2.600535,-1.4909933,-1.5218296,-2.0817983,2.7402723,-11.936731,-0.21017584,4.439919,0.48891994,-13.624911,-8.224686,-0.51519233,5.3932033,7.7042375,-9.571749,-3.1556997,2.1784484,-7.583484,2.037196,-0.57997537,0.8386281,10.989388,-3.2336838,-3.2417195,-16.49891,4.119144,1.805929,-5.2191916,7.62597,1.6540849,-0.21133192,3.623489,5.910799,0.6743566,6.5925274,3.183686,-3.3176482,5.187065,1.0581834,5.784363,-0.42014676,1.1872283,-6.441899,-8.86021,-5.1223216,3.3401036,-10.60991,-7.1608505,1.48401,-0.20844132,-11.066665,-6.9668097,6.3125,3.7752442,-4.888867,3.207371,-4.698972,6.797875,7.420079,0.07915187,3.9645329,-6.7945156,2.1555583,0.3636827,3.2336264,2.1181424,-12.699626,-9.829466,1.4562936,-8.577266,0.8609358,-3.9642544,4.802838,8.0081415,15.740001,6.8751545,12.709704,-3.2231867,-3.2995148,5.699667,-4.999023,4.4332323,1.946325,1.0510252,2.392792,7.0986795,2.358332,0.66577244,2.285002,2.6394086,5.5662436,0.15431358,5.7900844,3.6300373,-9.930824,1.1407695,2.8883762,-9.484732,-5.9463997,1.6531094,-5.7945285,-0.058857203,6.7771955,-1.3717182,5.1053567,5.055078,-5.106406,1.8889765,-6.001121,-0.55484927,10.203435,-6.38956,-1.6643051,12.902371,-5.8646445,-0.58283633,0.49447072,3.3356054,1.4471558,-6.847349,7.488344,-5.7825003,9.165771,1.3247268,13.555129,6.8081064,-7.2852626,0.4665648,4.2258577,-6.5067034,-2.844904,5.2534966,-4.1961336,-4.1996636,-3.8346202,1.8148772,7.3458347,-1.0773817,-5.37133,-0.52986836,-2.1641116,4.9420896,1.5003206,9.215792,0.9642554,-6.0303717,4.8907795,11.126222,9.487487,7.863579,-7.479723,15.062135,-7.2927446,11.493489,-4.920935,7.518002,0.8871248,9.383603,2.9873736,-6.54073,8.878418,-1.6803188,-12.468799,-9.870969,1.403353,4.0563536,-5.110271,3.185692,-1.2235538,8.815555,-4.874434,1.7633477,3.566694,-6.4071803,-6.492404,-0.75101054,-4.926937,-3.1390212,-0.41449162,0.7716099,6.2689753,4.930655,-13.042851,4.3985057,2.4177086,-3.777548,7.115023,-13.651602,-6.288802,-0.32413286,4.9301004,-13.696381,3.2951574,4.845537,-3.4064715,-11.06228,4.488968,-2.0751119,-6.9087505,10.911641,-8.844872,-3.657247,8.257653,1.8331994,11.055826,-0.21860297,-10.037558,-9.517749,-0.43046966,7.0506797,-5.4860525,0.9061253,3.8254757,-2.3481002,-1.4161032,-1.4218268,-7.7822433,-1.6288979,-0.19314604,-4.1858454,6.0439568,-4.146885,0.06570785,-13.310645,-5.2820926,-0.68034375,2.4208424,-1.5031761,4.1977544,-1.0284902,-3.1454735,-4.9098444,8.072101,8.485235,0.68287885,-9.391737,-7.762727,-5.364172,-6.931567,-13.614603,-4.801691
-1.3118672,-4.731459,-3.7269135,0.09844662,-1.6680788,-8.189604,-9.332281,4.525275,-0.8741343,-1.6672871,8.473705,1.1639787,2.8663368,3.520636,-0.84185904,-6.685646,2.4573295,-3.8945873,-6.018124,6.1186857,5.638329,2.969657,9.175023,6.6191072,-9.359862,-1.2477661,-7.9478464,-5.904826,2.9570522,-5.0050683,1.381221,-2.8068388,-7.094335,5.057487,1.095359,1.1969283,-3.7624385,-2.8542132,13.628518,7.4104013,-4.6187387,-0.58126044,-0.28480196,-2.8183239,-1.9955435,9.788863,1.6822156,4.1828427,-4.6778607,2.2944727,-2.6849134,-3.670906,-0.20944802,-1.6214839,-14.076855,-7.5249786,-6.6694207,10.79142,6.145041,3.2640767,-2.7274563,-4.7941856,-6.2413464,4.2752085,-15.235923,-1.6079249,7.7708893,-1.5905515,-7.634791,-3.7123995,-4.5780497,7.1206436,6.2963047,-6.3593993,-1.2298334,0.44644165,-7.890383,0.55303055,-0.9179268,3.798424,5.580862,-2.4803157,2.140368,-11.189348,3.8724647,-0.52616346,-4.6435556,12.14092,1.6263227,-2.2353718,-0.9894303,4.991308,-2.7354887,-1.4658034,10.427484,-4.194924,1.9282521,10.591316,4.801598,-2.7789338,-4.848241,-4.132514,-2.5689158,-3.2816327,7.9372377,-1.7628348,-3.2979503,7.843673,-2.5246475,-10.016064,-10.405443,5.958817,-1.6015896,-2.9725988,-3.1347396,-1.8201071,7.990276,8.198771,-2.402987,-0.88059163,-1.3516876,3.9063272,2.3553185,5.790859,3.0923176,-9.783281,-3.3939934,-2.8713489,-6.632752,-4.1347356,-5.1164985,5.888766,7.5250463,6.8648767,3.688716,12.807071,2.9489372,-2.3564053,4.7185493,-7.175461,5.6619873,-3.9077427,-6.8762484,-2.9403377,2.7802715,4.561718,-5.611382,7.117071,-6.9771237,1.8614377,-0.41999215,9.625289,8.209511,-5.944837,-0.4648782,4.41301,-2.4893787,2.0356214,-0.8910536,-0.50386864,1.7452645,-2.4508975,-3.6977417,0.66354746,-0.8140165,1.1102818,3.609954,-5.3039184,-2.331977,1.4964875,-3.384447,-4.9026585,10.3436365,-9.445339,9.537565,-7.1166835,1.7063015,3.591136,-1.6110096,11.202161,0.30759507,4.9617805,-3.3874345,12.476308,10.328512,-2.4017892,-4.264495,-3.667447,-2.551768,-5.820775,0.50096875,-2.0369828,-0.5346314,-0.97592163,0.18384638,-3.1094747,-0.7183229,-8.011234,-1.9323997,1.8186294,4.6553674,6.3577204,7.458688,6.1583705,5.260087,3.1492589,6.391283,7.893069,5.514016,-1.0638715,5.0726275,-7.068293,7.9200172,-5.185813,7.7861447,-5.0390434,0.004731545,7.7274427,-4.951139,3.5354726,3.877147,-8.8710575,-5.638117,4.174569,5.8095145,-9.338179,2.057513,-8.677884,-1.5304849,-0.15755588,3.516141,2.4493663,-0.52620703,-11.219486,-6.088114,-7.432244,3.00079,2.36016,-3.597839,6.276406,8.376251,-7.188778,8.308765,3.923619,-2.6306434,4.8722005,-8.405014,-8.679903,-1.4010785,4.188564,-11.828004,5.5954356,7.167089,2.704795,-12.384772,7.0073047,1.2563329,2.4900818,11.81637,-7.202276,8.653769,5.9814296,3.3178244,10.368978,5.473777,-5.4710045,1.5307169,3.8057811,3.9559853,-5.7543664,7.7987075,7.119289,-2.6265864,-5.7079787,-0.45730826,-7.9419866,-0.37615594,3.0629086,-3.9978995,0.90449077,-4.5489106,-5.3425612,-7.5744777,-5.3041515,0.50625485,12.096,-2.095946,-1.7752717,-1.9981252,1.3075006,1.0196835,14.271613,-1.991005,-1.6913506,-9.341185,-9.904122,-11.220036,-2.4358726,-10.329915,4.0510535
4.2513165,-2.3857956,-0.70732534,3.7402031,-2.9291065,-1.0452615,-4.2254324,1.8263801,4.3687925,-0.0063733757,3.3042586,-0.35262483,-2.8895712,3.4362361,-1.3429754,-1.6203954,2.7936258,-3.811788,-8.29704,7.406448,1.6626761,5.681993,9.204842,6.335194,-6.0910306,-2.2326014,-4.066449,-9.59745,1.8113452,-4.1787057,2.7253375,0.7327907,-6.2099724,4.2245183,1.419616,4.0197043,-4.3146114,-1.5266864,8.722797,3.9361317,-3.8940017,1.4202168,1.5325674,-3.5846019,-4.604311,5.5410833,1.3942785,1.0470144,-1.5545487,1.900803,1.6105614,-5.6081257,1.4386361,-4.3649225,-7.0698457,-3.4793615,-3.2001407,4.8215666,4.496015,6.4670315,-0.33027098,-5.842142,-3.595144,2.6338077,-9.649435,-0.6932714,2.827433,0.026865736,-1.5560424,3.0402675,-2.1214118,3.179891,3.4668055,-5.1261797,2.0438118,1.3915977,-4.1443667,-0.74308944,1.6675749,3.1466875,2.6060917,0.14532107,0.32541275,-7.1958895,5.3349733,-3.4965022,-3.3759952,7.0083685,2.738784,-2.6500604,-1.0602117,3.5918221,0.13177115,0.7463529,4.31275,0.9898605,0.094222665,9.480765,2.645626,1.248013,-4.2684894,-6.1889625,-1.6042876,-5.180029,3.9040606,-5.940521,-0.9920735,3.2369773,-1.7183161,-4.2708807,-2.949751,6.677664,-4.175418,-0.20384416,-4.965525,-1.8984506,4.028074,5.3281593,-2.012583,1.8183997,-4.6827583,2.3955748,1.3395132,5.400648,2.542707,-6.899664,-5.611616,-0.50231653,-4.9618564,-1.3457856,2.496016,2.6178086,5.745243,3.3512487,-0.26346585,11.166413,0.2432069,-1.7769387,4.6056027,-5.2289934,2.8536625,-2.2036793,-4.901769,-2.4177806,0.00031745434,1.8854359,-2.8806064,5.569845,-1.6047926,5.4676466,1.0741415,4.073681,4.0960627,-3.9859147,-1.458142,-0.9293703,-3.3853798,-2.4251368,-3.2623909,1.5372951,1.3718605,-2.2508702,-3.8881238,-1.5522017,0.06441054,-1.6964475,2.0607817,-0.6854714,-3.604771,1.9010623,-2.1990979,-4.7557526,10.369992,-1.4263082,5.8013487,-4.51552,4.206111,-2.390788,-1.7581975,6.4957075,-2.1672823,8.646197,-2.216965,6.3877807,7.33896,-0.28918773,-4.057853,0.12322834,-1.6243622,-3.6177378,0.60147524,-1.8940554,-2.0921392,1.8008626,-2.2948031,-2.230483,-1.8525499,-7.0047526,-4.3975463,1.3111502,-0.04787886,-0.37380782,1.3372239,3.8584194,3.2279,-3.651879,7.3903394,3.7321022,3.4648027,-4.026905,5.9670997,-1.1049336,7.294626,-7.3560667,-0.59887654,-7.0459456,-0.664597,3.2407646,-3.2880676,4.5371566,2.6815398,-3.1994655,2.7271621,3.305785,3.9378877,-3.3955328,0.377565,-3.4807844,-1.0152488,-3.7198977,2.5589764,1.6577133,-2.4252899,-9.731803,2.8239594,-5.380267,-2.534121,-0.356812,-4.786762,6.1671743,6.7382197,-2.0855227,7.4187517,0.06451845,-3.720407,5.310225,-10.321515,-4.136436,-0.34896046,-0.22591425,-11.601648,3.8346229,6.1357975,0.99757373,-3.644496,0.48973072,0.6291053,-0.16443565,9.857221,-6.5443897,-2.090259,-0.18080454,1.3085337,7.6374083,2.044341,-6.3767743,-0.42751127,3.7936888,0.009049088,-6.191652,2.493016,1.8856715,-4.609721,-3.190359,0.68181646,-4.7904925,1.0576432,3.6158116,-3.2202542,-0.15757327,1.2818518,-3.1570723,-5.858612,-3.2883136,-1.0385332,5.8224735,-0.9776118,-3.1452374,-1.3825577,-1.3961911,0.7301121,11.014843,-3.4217188,-1.877934,-7.5596857,-6.2530947,-5.4545584,-5.314714,-6.4693704,0.523484
0.60832244,-0.23014489,-2.9697409,-1.0496411,0.054064445,-1.8053184,-3.9750314,0.4884538,0.7879447,2.0640247,1.6557506,0.18224245,-3.23296,1.7506598,-2.925314,0.47637767,1.7158176,-2.5416322,-5.18548,5.077712,2.7783477,1.0670949,6.8686366,3.3523533,-3.1820042,2.8702185,-1.6768721,-1.9895751,0.4363517,-1.2026935,2.6601636,-2.7365704,-0.9520627,-1.2276005,0.25517562,2.3681266,0.6032979,0.6838851,3.122503,1.7968931,-0.740698,4.0560603,-1.2271502,-0.55788326,-4.1618805,4.753236,1.8494587,6.7918315,-2.152725,0.70977265,2.924299,-3.4430876,0.29829702,-1.1649466,-5.0315027,-4.829742,-1.9818256,1.6978197,-0.08180618,2.000542,-2.7887442,-1.9409523,-2.9470553,3.4754598,-6.773468,-0.043764383,3.9125116,0.68215585,-3.8582919,-0.62402433,-1.5664643,3.9430637,1.7829463,-6.285486,2.2342455,1.17921,-1.6944251,-0.6255145,-1.5325433,1.4718685,2.0037684,-1.1565851,-0.9239961,-7.831438,2.678203,0.9948804,-3.4886389,1.48777,2.478357,0.72499543,-0.9458453,0.8800328,-0.61197317,2.1798048,0.852664,0.18062428,0.5835881,1.3238623,1.5536709,-0.30091646,0.057345048,-4.304228,-3.3161616,-0.23852324,0.5478252,-6.2814693,-1.5120957,3.8304644,0.89349467,-3.7483199,-5.5108085,3.3860793,1.3929178,-1.8336208,-1.712059,-3.2110524,4.30437,2.4758787,-3.439971,-1.4383651,-3.1437979,2.0734234,2.1973155,2.204176,0.058953166,-4.796402,-3.7523441,-0.74704665,-1.8329458,0.43494487,-1.0773649,-0.02642408,2.7785537,6.335388,2.1895468,6.3211665,1.0202866,-1.0796828,2.7062497,-1.7090902,1.5594723,-0.43235403,-2.4408636,-1.3207699,2.8878987,2.144029,-2.3636732,1.8786895,0.007971412,2.5893204,1.9761686,2.2596822,3.4151168,-1.7743101,1.9000738,1.9288718,-4.7538176,1.346317,0.12154396,-1.6403941,0.23631695,-0.90559983,-0.5210875,3.1189492,1.7023569,-4.939621,2.0800068,-2.8371263,-0.07909665,2.4513435,-2.587857,-0.7597842,4.2732496,-2.2372265,-0.18434888,-1.2388796,4.424643,-1.1481444,-1.4930636,5.8672204,-0.5180736,3.168328,1.6398674,5.7371817,3.879472,-0.40589127,-0.1422635,1.4911453,-3.8861074,-3.353464,1.0252879,0.08658326,-3.0549488,-0.28081244,1.2801368,-1.2787197,-1.318269,-5.468687,0.024189577,-2.007991,-1.2167553,-0.66824794,2.405129,3.4299226,1.1874137,-0.86749524,3.2795904,4.3092365,5.5650835,-1.8121016,5.32066,-0.08051534,3.0503252,-3.6346676,2.443659,2.0030332,1.3910964,2.2955549,-4.5583253,3.5247948,3.78552,-4.9433765,-0.92766476,1.0531713,-0.27002725,-2.733433,0.42665765,-0.491327,1.8806058,-3.8716383,1.4934456,-0.36912966,-2.8682685,-3.427403,-1.7929665,-2.0734944,0.356127,0.80170876,-3.2064798,3.8235874,-0.5344211,-3.040983,4.2092648,-0.5337105,-2.907957,3.7956254,-4.8320603,-3.1366599,0.42871135,-0.49679694,-7.0615497,2.3004873,2.100606,0.30414754,-7.269414,1.9640412,-1.0163982,-1.8210505,3.5351741,-4.3168726,-0.354143,0.9905791,2.4197483,2.6377943,1.1641462,-3.0899665,-4.1306157,1.4941529,-0.47741544,-1.8678602,0.9424678,3.550928,0.58510274,-0.72648996,-1.1675237,0.38993192,-2.0904016,-1.069601,-1.0727752,1.7347708,-0.4742522,-3.0492342,-4.4832587,-3.0839667,-0.9120807,3.335681,-2.2931812,0.61170834,-1.3120997,0.09710843,0.3601535,5.7912407,1.3395779,2.4821324,-4.5618434,-3.3092256,-2.0376055,-2.2045195,-5.7574525,1.2452141
-0.520813,0.6285113,-2.4454348,-3.7869797,2.8645794,-2.411307,-6.1668463,-0.29072708,3.810424,1.2973024,-1.0190219,3.3446503,0.27891386,1.9913243,-2.478463,2.9481258,4.512364,-5.406749,-7.1852164,3.658806,1.3387175,3.6612563,11.494659,1.1301523,-0.7526844,2.2946217,-3.7935638,-2.4979808,0.49352652,-1.194743,2.6287892,-3.7018235,-4.580365,-0.3197204,-1.8932939,1.2820599,-0.34044263,2.3342083,2.4212952,1.3303101,0.9241576,3.4526753,-1.5895348,-2.0599995,-3.4709797,2.0265384,-0.14354466,6.6267853,-4.022184,0.04467298,1.4743174,-6.7725563,0.34040612,-1.034829,-4.29849,-8.553491,-3.780932,2.763253,1.5523646,0.52211946,-0.5790666,0.90554965,-5.4860635,4.471423,-7.6748705,0.8340747,1.9142568,1.0562131,-4.960002,-3.3985548,-0.1942384,5.8522806,3.9594038,-5.155837,0.9414551,4.2331276,-3.78637,0.2912219,0.10791658,0.30858743,3.4077168,-1.2548087,1.7820112,-9.251577,4.277703,-0.57310957,-0.40796003,1.4991235,0.1334711,-1.3217438,4.6232557,0.68576944,-0.6009633,0.22315082,0.25009543,0.89685583,3.7347128,-0.026480952,4.607208,-1.0968057,-0.03513953,-6.2954855,-4.0115533,-3.0452893,2.8671303,-6.1181273,-4.5101695,4.1142907,3.1253412,-5.357099,-6.498234,5.48367,2.581548,-3.0757394,1.9533968,-3.5163515,5.5604863,4.5281024,-1.5704247,3.15276,-3.9200194,3.264502,0.52348053,4.1798844,0.06289713,-5.35936,-5.3104606,2.0941098,-4.8608565,-0.89562905,-1.7081327,0.551949,1.7364864,9.715269,1.637712,6.3464165,1.4918308,-2.172872,2.9801836,-1.3040377,2.8478932,-1.3803099,-0.536187,-1.8987532,1.328116,0.14795572,2.8012676,-1.1683441,2.8473523,4.8371115,1.9641867,-1.0282888,3.2472253,-2.5550997,2.4540074,1.4706746,-2.227961,0.70637304,0.04460769,-5.109614,2.4052844,-0.6317485,-1.6292901,5.509332,1.2063737,-7.4211154,1.0426834,-3.967768,0.24223383,3.886494,-1.386409,0.107558,5.0708466,-0.19198795,0.049162865,-0.24871436,5.9750834,-0.24915215,-2.9302216,2.2473626,-0.66629624,7.9529076,3.1458654,5.4300785,0.46426696,-4.198967,0.55389446,2.7976701,-3.0358126,-3.5591285,3.70617,-1.0191495,-3.4134483,-1.5066701,3.3906875,3.8150613,0.76621306,-7.2861013,-0.8365547,-3.0849059,-0.57232153,-0.65587175,5.252182,2.3682036,1.1156223,-1.9008203,6.518131,4.2524633,5.094926,-2.879375,7.7149925,-1.7533689,4.457624,-1.8485465,4.661538,2.4828298,3.1182315,3.4014301,-6.8337717,4.027383,2.529831,-4.75652,-2.9183087,0.92826146,-0.81859565,-3.3073196,-0.41326615,-0.774264,1.535284,-4.34341,-2.360747,-2.2561386,-3.8879073,-1.477761,-3.5530424,-3.3327873,-0.43894032,0.40682516,-1.4737679,3.9952917,1.4687253,-7.158613,2.584165,-0.51678705,-3.555584,1.8928449,-7.2306104,-1.6999378,1.134392,3.1131933,-8.573227,2.2090597,2.4368114,-1.6379944,-4.9133825,4.5876093,2.1000593,-3.8899577,5.3561234,-8.460852,0.77246356,1.0786221,-0.7670064,3.5990303,-0.15694743,-3.7440772,-3.974958,-2.7232583,1.0069989,-3.7082188,1.1637025,4.9648356,1.9537235,2.4965959,-2.0232694,-2.2171283,-4.695398,-3.3161013,-0.82292974,4.8479776,-1.6170367,-1.1411062,-6.408013,-2.7981153,-2.495041,3.8745728,-0.9571414,0.22004262,1.1563231,0.29120338,-2.3498552,2.4755414,5.3482914,4.6214657,-5.824311,-3.9253652,-0.9512292,-4.9951415,-6.038521,-0.01990503
0.9823,1.0505143,-1.9275994,0.76279354,-0.0032224224,0.6409944,-5.8774004,0.58282346,1.8244103,2.4518085,-2.6923711,-0.48173058,-3.2084258,0.2771695,-2.2300577,1.2811353,2.107205,-1.7726808,-4.5116343,3.6190395,0.9412011,2.5339499,7.748309,3.1197708,-2.5524302,0.05047764,-1.0951747,-2.2324176,0.036275636,0.054617427,6.764634,-3.7186418,-1.933874,-2.5383794,0.041845933,1.8659213,-0.3313117,1.2703221,2.477624,-0.5484279,-1.017953,0.7127929,-1.9220862,0.740333,-5.164768,2.1843605,0.9934801,3.4688199,-2.8957608,0.7063762,3.3658562,-3.5452592,-0.9557805,-3.177903,-2.8753831,-3.3681774,-1.9145987,0.1276076,0.88794875,1.7172366,-1.705515,-3.4235823,-1.3000547,3.2827842,-6.1030912,0.7887163,4.262575,-0.21957487,-3.2885778,-1.8028002,-1.376088,3.2629867,4.2076845,-3.4964306,-0.85311335,3.5579326,-1.9054055,3.3028383,-1.7290782,-0.28049937,1.3367996,-1.0021489,-2.745622,-5.578715,1.9426283,-0.37109083,-2.6438913,0.8425931,1.7750592,-0.4406205,2.054544,-0.74654675,-1.6252141,2.3507576,0.07292795,0.68047655,2.2238338,1.3888948,3.0022292,0.3031914,-1.4846649,-4.636357,-3.8546722,-4.49027,-0.3996549,-5.1587934,0.36679575,3.488954,1.0929556,-2.258012,-5.731799,1.4727979,2.3540647,-0.6479979,1.1630318,-2.7367039,3.2111442,2.4794579,-3.1739933,0.80155724,-3.2674544,1.6933932,-0.6361893,3.8796618,0.7325382,-3.656159,-4.512016,-0.33620685,-3.0520842,-1.1824307,-0.23525228,-0.39969543,4.89974,6.1538334,0.14635287,4.7760296,2.967549,-0.18098056,3.7618515,0.41841507,3.551582,-0.7526897,0.22910482,-0.7560985,0.9808358,3.6103847,1.0539206,-0.19132587,0.08598001,1.5924656,4.426305,0.11970866,3.9015634,-0.18423605,1.2574706,0.10314048,-3.9090846,-0.5838088,0.60489386,-2.4001293,-0.37561443,-1.4174486,-0.729656,1.4981122,0.5149772,-6.1319876,-0.8566048,-2.712902,1.1838648,2.4230928,-1.8307674,0.69578266,4.473772,-1.1884195,-0.016866654,-1.6677864,3.9352052,-1.5748577,-3.015164,3.2570295,-1.4933984,4.4668136,0.9704746,5.0741043,3.3593273,-1.2889348,-1.9062092,0.5549047,-1.5699499,-2.408827,0.55427897,0.7811318,-0.99601954,0.19149879,0.8622489,0.37134534,-2.498725,-3.029087,0.16608821,-2.3414865,1.8790828,-0.34492433,2.8239996,3.3546345,2.8105168,-0.80348295,3.8718626,1.5950179,6.3729787,-0.2117728,5.8209643,-0.38866025,2.4209435,-2.604147,0.72622406,1.4165992,-0.4435869,3.8254988,-5.891462,3.290631,1.8489666,-3.9623594,-2.1628036,2.3855917,0.0016456917,-2.1750596,-0.3848415,0.54907125,2.8460693,-2.7369862,1.5429871,-1.4774486,-2.285643,-4.635145,-1.7379514,-3.4080627,-0.8486446,-1.3324484,-0.94101524,2.4906883,1.204305,-0.51897806,3.2886863,1.5714619,-2.3079877,2.8964899,-4.7843914,-3.35582,2.6716666,1.2431722,-6.1763744,2.3368661,0.107032984,-0.76826185,-5.9498034,1.5859123,0.95442617,-2.7022417,1.9305726,-3.711016,0.52204764,2.5527077,1.2117243,3.480731,-0.18917519,-2.710598,-5.253031,0.23173758,-0.89237916,-0.7714626,-0.8941234,4.3621087,-0.34684116,1.1933835,-0.03218805,-0.67456347,-0.60144895,-2.226598,0.1425642,0.80352646,-2.3981955,-0.8963816,-7.597355,-1.3119183,-0.532375,1.8749914,-2.3958695,-0.47727403,-1.9742836,0.41199508,-2.0246758,3.9491358,5.0019684,1.5852592,-3.6358924,-0.894258,-3.0958407,-2.132584,-5.198324,0.3797693
2.2048118,-3.5648665,-3.1193788,-1.0321217,5.2550454,-0.80936635,-9.944775,1.6520123,3.1136892,-0.13943817,-0.65660304,0.67478454,-0.5732741,6.197596,-1.0250987,3.6399946,6.548427,-5.4493876,-2.8370252,1.326594,3.8765166,1.300594,13.023615,4.774598,-1.3530229,0.54761314,-2.020841,-5.1597714,6.718313,-6.017932,-0.8589727,-1.3579417,-3.0512013,-1.2393326,-2.7342112,1.0870603,-1.7818924,2.365029,4.7265024,2.0701895,-0.4821459,0.71765983,-0.7918731,0.23592961,-3.7629771,0.9989637,-0.40233967,5.9999804,-4.3761244,-1.4662005,-0.91020256,-4.44577,-2.8385298,-7.0042567,-6.8362513,-9.728953,-6.441177,0.33986813,1.3871114,0.62105966,-5.5641294,4.3914113,0.40857938,2.0149071,-7.643357,0.8329121,-1.00544,5.0924716,-6.9394407,-1.9763414,-2.0043015,6.203819,5.682711,-7.7690477,-2.559924,3.2868586,-6.465589,-1.8718002,-2.4558,3.014238,6.000227,-6.406576,0.19352008,-6.7064133,-1.2271395,-0.5517869,-1.7653795,3.8016768,1.0770198,2.5618408,2.9907374,4.419406,3.8826008,1.3944832,2.0465589,2.0571015,6.1036224,1.1926646,2.154193,-1.1362476,-1.8174186,-2.526128,-6.063307,-0.84689397,4.531558,-6.09265,-2.1170342,3.8556468,6.4712157,-7.2167664,-6.4936304,4.3816233,0.7476083,-6.632778,3.0741687,-5.6784124,3.4186985,6.4833064,1.5843136,2.3347633,-5.11384,2.072987,-4.6029735,6.814242,1.7673497,-5.4087534,-0.052248284,-0.2430183,-5.103678,-0.7533729,-4.2772512,-0.44865477,3.4883106,6.5297246,0.76159084,7.824238,5.2467613,-3.723133,2.5309014,-1.1550912,3.0477846,-2.4216123,-0.9321739,-6.2127514,1.1290177,5.2756085,1.1916382,0.7812689,1.5847371,5.741741,0.5817354,2.3625221,5.410807,-4.3484125,0.09404019,3.8248363,-4.7344975,4.0564146,0.8130923,-3.9751399,2.5947437,-0.5332357,-0.32249016,3.3659618,2.2992587,-4.385755,1.0437485,-1.9422349,1.1698017,2.5634303,-3.2915735,0.54799914,7.8453903,-1.8889076,-0.34201914,2.97948,0.57173795,3.4228702,-1.861943,5.0958104,-0.22286138,4.7896557,2.1331139,6.4828134,1.6046617,-4.060217,0.005525328,0.16578978,-3.04183,1.7568606,4.834596,-1.0021011,-3.3118558,-6.3179607,5.347978,3.6503735,-1.1854969,-4.595815,0.384138,-5.0165977,2.4662116,1.9733194,8.078437,2.9905822,-2.075926,0.21895973,7.24088,6.190179,3.8617864,-0.5037037,9.998218,-3.2465403,7.185232,-2.5568428,5.6001472,1.7625595,8.290932,1.8280339,-6.3892856,4.354601,-0.7222295,-4.6638985,-7.9222,-3.2191672,2.9278963,-4.0537853,-1.9433391,-3.2352877,5.1051226,-6.6439543,-1.6578403,-2.419187,-10.001332,-0.3115736,-0.40023002,-1.6512983,2.3707848,0.042474806,2.4543839,3.7158427,3.2888334,-5.5338016,3.4971938,1.3122376,-2.2908216,2.3088639,-8.837787,-4.7979875,1.4475946,3.7281759,-5.210262,3.5604732,-0.54834175,-2.5654497,-5.333074,3.3110747,3.883139,-2.6880891,3.4959784,-5.455771,-0.8810245,3.804811,2.1525154,4.695878,-0.5613702,-5.918884,-2.780856,-0.5042363,3.08598,1.7959526,2.3231995,3.0470843,2.1674025,0.34480757,-0.9147582,-3.8291829,0.4354704,-3.4942532,0.23729452,3.9564185,-5.8565016,-1.1265028,-7.14021,0.23419479,1.355239,4.9701066,-0.94636506,3.025925,0.61349523,-0.4626419,-1.4108217,1.128311,6.5595613,1.4965525,-5.165703,-2.7547598,2.529105,-7.449626,-5.9066725,-0.6728579
0.22367182,0.67236835,-1.7047473,1.585996,1.2445072,0.60800356,-7.0510654,0.104548484,2.2744277,1.0648577,-2.5844066,-0.030548707,-3.1012602,1.0801659,-4.295781,1.968018,2.996227,-3.423494,-5.1541867,4.267558,0.35044742,2.6012127,9.407244,4.436005,-3.1435862,0.2680552,-2.5426817,-4.286073,-0.45650157,-0.04437504,7.0220504,-4.172767,-2.4031215,-3.142843,-0.17116708,0.62005574,-0.71939,1.6754937,3.772894,0.47029257,-0.9312321,0.4916479,-2.530549,-0.4513333,-5.4549017,1.9379917,1.9268974,5.653998,-3.1340737,1.2783691,2.919956,-4.804015,-0.52090037,-4.517528,-3.9033742,-3.2458117,-2.2186263,0.47487074,0.3561858,1.5308995,-1.3715078,-3.6869092,-1.7645631,3.7226179,-7.0461297,0.50476784,4.2247777,-0.12669887,-4.9368424,-3.2534862,-0.7207818,3.1899462,4.5583777,-5.2618794,-1.3146285,4.4161763,-3.1598184,3.1433847,-1.2659452,0.39190975,2.4531977,-1.0014501,-2.783589,-6.856883,2.4523737,0.22768585,-3.3875735,1.2808881,1.9396032,-0.55546606,2.5377743,-0.3321315,-1.1593871,3.00206,0.54069126,0.29247707,2.809495,1.3655263,3.3395917,1.1480856,-1.7331135,-4.9578123,-5.2959037,-4.8140383,0.0033100373,-6.044653,-0.5352403,2.9284601,0.043135703,-3.3095794,-5.8258896,2.3674889,2.5642827,-1.8746369,1.5851202,-3.46805,3.2070735,3.566217,-2.2947521,1.281209,-4.411424,1.7520381,-0.8533634,4.661237,1.6511062,-4.2373295,-5.853294,-0.12125367,-3.849958,-0.54796636,-0.087640606,0.9001296,5.6355486,8.089198,0.54699975,5.600712,2.947955,-0.98774564,3.660601,0.25087065,3.921653,-0.0118968785,0.08996914,0.14888215,2.0253615,3.5640821,1.6124281,-0.7090347,0.32335153,2.5145147,3.877614,1.0018749,3.1874142,-1.7780373,1.3156123,1.1222516,-4.871705,-2.036102,1.5382028,-2.6409135,0.46204925,-1.3923117,-1.0508754,2.5704434,1.1987613,-6.3767867,-0.65927535,-2.7171917,0.8745443,3.3150458,-2.5545964,0.50527513,6.3410053,-2.136717,-0.3649158,-0.58169824,4.1105857,-2.2890158,-4.784382,3.4602132,-2.7222905,5.3803415,1.6354938,5.926067,3.8442266,-1.8573617,-1.9194324,1.0345294,-2.3257015,-1.8258481,0.97553885,0.27966052,-0.7299304,0.12581828,1.4381385,1.005743,-2.5680585,-3.3273656,0.52412987,-2.7545984,2.46538,-0.5424985,3.517803,2.783657,1.4887872,-0.943122,5.4370112,2.0811865,7.124275,-1.2879593,7.0619087,-0.6254879,3.2238338,-2.8870142,1.7018493,1.4358525,0.97720784,3.4242835,-5.771437,4.287861,1.5798919,-5.028979,-3.0186672,2.073118,0.75426114,-2.0396125,-0.67401624,1.1897103,4.0231657,-3.4173794,1.3083375,-0.6964515,-3.74926,-3.9134843,-1.6287526,-4.2859273,-1.6881924,-1.1441768,-0.6531357,2.6756027,2.8030872,-2.179914,3.3451507,1.8324568,-2.3725386,3.143987,-6.064657,-3.8939283,2.1436195,2.0091863,-7.9576874,2.4628952,0.5502459,-0.87018293,-7.045934,1.4897556,0.48162895,-3.8220687,2.726537,-4.6195836,0.30603945,2.9985094,1.5798874,4.563411,0.0677468,-3.970051,-6.4278793,-0.5577238,0.64350265,-1.3540506,-1.6524078,4.3207436,-0.40433893,0.80355805,0.12172509,-1.2296437,-0.20325518,-2.60839,0.15371409,0.8950767,-2.777986,-0.70325506,-9.0580635,-1.567438,-1.1534826,1.9341122,-1.2847557,0.37709725,-1.9614959,0.08107944,-2.5215492,4.4876957,5.812404,2.1375148,-4.570469,-0.6853646,-2.3611834,-3.0838165,-6.0614862,0.4071924
-0.90038824,1.5950638,-2.2794578,-1.4919611,2.300905,-1.4218156,-5.378212,-0.924226,3.1274104,1.0385789,-0.5534041,0.6861884,0.1114342,1.4192793,-3.62748,-0.11521728,3.5390978,-1.695551,-2.762373,2.6214032,0.6505312,0.15069261,7.869776,2.776819,-1.2558442,-0.9907258,-1.4642808,-1.6015426,0.8284397,0.14009252,0.46084273,-1.6412227,-2.7480245,-0.418323,-0.8582508,0.941924,-0.7059518,-0.6530405,1.8467556,1.5561893,-1.063417,2.0214024,-0.3466577,-0.093418546,-3.3057082,0.9271549,0.20965703,5.2830505,-2.5607188,1.623934,0.86012954,-4.496343,0.79712516,-1.9578674,-2.71325,-5.066411,-2.0969672,0.23027836,-0.09798224,1.3459189,-0.5721389,0.36008632,0.17915577,0.4333761,-5.5982027,-0.20578083,2.7942939,-0.6586176,-4.1680393,-3.3538303,-1.4829267,1.0737505,3.456863,-6.579829,-0.39945048,2.273268,-4.9484334,2.84414,-1.0773072,0.32977062,2.4590085,-1.6496708,-0.48256296,-6.048517,2.8523562,1.6227697,-2.7189708,2.7566035,-0.86672187,0.41628343,1.8297124,-0.2590946,-0.08287251,1.8281051,1.3220614,0.24002331,2.3311045,1.0048587,3.1914327,1.7050639,-0.29541638,-3.2266662,-2.8829648,0.7682139,3.0697234,-4.437064,-4.741759,3.4305716,1.718372,-3.0303924,-3.9503403,3.6458511,1.6351057,-2.833001,1.1540035,-1.5817592,1.3537604,1.8378155,-1.4222565,2.4406004,-2.554859,1.1594822,-0.6716483,3.4380376,0.7619998,-4.4409957,-3.7301412,1.4706628,-2.8490188,0.7973168,-3.8063464,1.3411477,1.1697338,4.6160774,0.61545414,3.4915667,2.2331634,-1.2106271,2.1358745,-0.5116986,3.2032022,0.24222851,0.9173698,-1.596262,3.277255,0.4007221,2.0797124,1.0768178,0.74906003,1.8361677,-0.13720134,0.026547253,2.8660429,-2.3900259,2.8813865,1.8992541,-4.294517,-0.9874042,0.15056743,-3.1937969,1.5641918,-0.75223565,0.8501139,4.8745027,1.5541897,-2.773523,1.9067333,-2.624155,1.3234863,2.111704,-2.8828068,-0.396444,4.934005,0.49885336,1.0849414,-0.8491769,2.4074483,-0.7296392,-1.6358869,2.152166,-1.3362646,3.3317218,0.6795373,4.6417494,2.0541766,-2.9309146,-0.97428864,-0.23323524,-2.4448092,-1.4852741,2.093212,-0.8023987,-3.1109524,-0.7854942,1.9667242,0.6016173,1.089156,-3.204939,0.2506725,-1.5737813,0.44219038,0.36450943,3.3247263,-0.01238586,1.1290951,-1.0937014,2.4143631,1.4566302,5.260266,-2.398413,7.476139,-1.2045281,5.538363,-0.99645495,4.9324937,4.1351337,1.1566777,1.9683704,-5.6855373,4.793411,2.8741982,-5.7856417,-2.5000672,0.091184065,3.2464113,-3.3211782,1.0312076,0.7008967,2.912025,-3.0972862,0.07782933,-0.6626731,-3.7659364,-2.4797347,-1.6588283,-1.7474889,-1.8468475,-0.08156458,-2.8063104,4.032145,0.084624186,-4.2603965,3.3981862,1.0676165,-3.1895492,2.2747004,-3.861084,-2.2585032,0.28994545,0.48756152,-5.110367,1.6675222,1.1508671,-2.4132216,-6.103121,2.689982,1.5653716,-1.8455797,4.418892,-5.765496,1.1784489,0.73760974,2.1861804,2.8286843,-1.0048431,-1.8075417,-2.4985704,-1.8286204,0.91522765,-0.89126056,1.5969214,3.0960147,0.31958437,1.8344687,-1.4350868,-0.99948287,-3.3574991,0.35544845,-0.81007016,2.4406905,-2.0127902,-1.1705511,-5.614002,-2.1674638,-0.13700135,0.8618686,-0.39801705,-0.061073154,1.7008402,0.0603114,-1.460924,2.577935,3.2409103,2.147769,-2.6855676,-3.1380095,0.18286295,-2.7121298,-6.0845675,-0.57688785
0.18127537,-1.4643703,-3.9943962,-0.333161,0.5499176,-3.9733832,-4.426545,0.75797325,0.06650095,-0.22720538,0.56746244,1.1980733,0.5644016,-0.76004344,-2.9267838,-0.16036429,1.467667,-1.171791,-5.4684134,3.0450385,3.2310555,4.2595572,5.0693216,2.9752927,-2.1402924,2.8914587,-2.6817691,-0.14141414,1.11862,-1.9729245,4.1556664,-2.8620281,-1.4616499,-2.8370614,1.1193241,2.9659123,-0.59028405,0.89106965,4.4344745,1.3675733,-1.8733573,3.2804458,-0.07088865,0.22798046,-4.28117,4.2037497,2.4033182,6.1729198,-1.1603494,-0.46247938,1.6486969,-2.6401107,-0.39946845,1.5536529,-6.7756505,-4.991829,-2.6118026,1.9307239,1.279432,0.04911243,-3.1718616,-3.1260068,-3.2327428,4.0408673,-5.891843,-0.5260693,3.5996597,-0.4513902,-6.1009135,-2.5523348,-2.0465612,4.2574515,4.29074,-2.9610832,-1.4510776,-1.162978,1.124786,1.601106,-1.333677,1.7898076,2.450593,-2.6942372,-2.034188,-7.8256154,2.2770922,1.9118059,-1.7891905,2.5433831,3.145221,0.8173051,-1.1858515,1.4926299,-3.0884414,-0.40616006,0.6901974,-0.8380659,1.9490913,1.3826386,2.114101,-2.0321975,-1.8676132,-3.145945,-1.6093068,1.1716971,-0.024508864,-3.089693,-2.7508886,3.9654124,2.1814995,-3.097021,-6.127108,1.5280155,0.26112407,-1.0395125,1.3764987,-1.1041394,4.2798295,4.1277018,-3.0456543,-3.0736377,-1.7684933,2.6210208,-0.31434527,4.123038,-0.18130988,-3.6583295,-3.7678616,-0.63454247,-1.3180561,0.17754394,-2.5857172,0.24748388,3.1638634,5.909595,4.5509977,2.4666467,2.504139,-1.0629961,0.35474795,-2.7479753,1.7933694,-1.8098123,-2.90242,-1.8459378,-0.3981688,3.726395,-1.9535846,0.3332237,0.83922505,0.6775596,3.7484124,1.9128796,6.0081,-1.6460735,2.54408,3.040534,-4.293331,0.8184563,0.6349463,-1.3311573,-0.38380045,0.07178281,-0.7693263,2.9466667,0.465731,-4.630329,-1.2666236,-3.042396,-0.9111991,1.8703386,-1.2119055,0.72109556,3.5954318,-0.8297456,0.14204426,-2.3692627,4.1777916,-0.020249143,-1.044405,5.365955,-0.2437062,4.126148,2.7642765,5.8793426,3.4977198,-0.8382714,-0.88882315,0.46979326,-1.9307971,-4.4660745,2.1396067,1.5537521,-1.1459354,-1.050317,1.3128525,-0.25800607,-2.7394297,-5.0584965,-0.32132393,-0.3640237,2.7309184,0.99597186,3.3283165,4.1238256,1.1780666,3.3552766,2.4783452,3.7562828,5.597825,0.16568525,4.6409254,-0.70084137,5.3130107,-4.0264487,1.46954,3.3920064,2.0368943,4.382135,-0.99457306,3.1351168,3.4428828,-4.6014247,-3.85353,2.5706732,-0.06683785,-5.1028237,-0.99907494,-2.522824,1.359183,-0.5263823,2.739716,-1.4371878,-2.770542,-3.1652677,-1.1231614,-3.217926,2.32677,1.0096974,-1.588575,4.1598806,-0.94327116,-4.27597,2.2975264,-0.9338537,0.08546346,3.5073218,-3.6657462,-3.620892,1.4445565,1.5430733,-5.591984,3.5610762,5.1257195,0.8296324,-7.0675106,2.9003208,0.08740668,-0.89124733,2.6021109,-3.5418265,-0.66938615,1.0747375,-0.37595248,1.9128753,0.55329615,-3.0429466,-1.5844765,0.9364101,-0.06224533,0.3654557,1.9648151,3.1298873,2.5236971,-1.3801305,-1.094269,-0.5479677,-2.8932502,-1.2396013,-0.96950746,1.3788064,-1.4272611,-2.1275797,-6.4885664,-4.912452,0.8609351,3.2983565,-3.7177558,0.7710119,0.40378556,0.9611044,-1.1458344,5.379877,1.1203367,0.33044344,-4.7734494,-5.3700004,-3.4863367,-2.3178797,-6.186008,0.30590677
-0.020168595,0.5988375,-1.294291,-0.3962302,2.1128616,0.6533016,-2.2709837,-0.16382584,1.9572055,-2.1098933,0.32604775,0.7551622,1.3521534,0.3649231,-1.8555056,0.24128416,3.1036377,-2.560271,-1.6015185,1.0734053,-0.020897701,0.840613,2.488234,2.1011484,-0.9736884,0.6607307,-2.083361,-2.8175077,-0.41436422,-0.76606923,0.51571333,-1.5619909,-2.0386822,-1.1403592,0.60400844,0.5802027,-0.905152,1.0537571,1.5618052,1.1518245,0.8211861,-0.31901956,-0.50270903,-0.8693305,-0.73421204,-0.82404006,-1.0121429,2.7417903,-1.1285112,0.63916504,-0.19448137,-3.5183449,1.1963518,-2.0179389,-2.6829278,-2.725391,-0.4597601,-0.09829018,0.158508,1.5868878,-0.67221165,-0.9610976,-1.9506553,0.7186967,-3.836746,-0.30963075,1.1556889,1.2083254,-1.7300711,-2.4365547,0.26341164,1.6138891,1.149966,-1.5194145,0.27470773,2.1955738,-2.7370644,-0.9146999,1.2266576,0.46556777,2.0186563,0.84787613,0.9918834,-1.752107,0.14893359,0.08024032,-0.24686679,0.63438046,-0.6748974,-0.668151,1.2800828,1.09531,0.17469302,-0.74105334,0.30139974,-0.13703412,1.6794049,-0.9571678,3.047221,-1.205086,-0.97592914,-1.7251182,-2.5186734,-0.7846694,0.12134649,-1.7325071,-1.8118286,1.0923483,1.1908107,-1.4319602,-3.2467399,2.2216191,1.4230664,-2.0221846,1.3892916,-2.0124931,1.9992037,2.4483953,-0.46802825,0.82282346,-1.4177065,0.9849975,-1.5086828,2.4493804,1.0850601,-2.269473,-1.2869285,0.07375401,-0.46308947,-0.1257825,-0.6278176,-0.2427375,0.8905298,2.5610547,0.94587755,1.286954,0.7020951,-0.9143977,2.06007,-0.37050667,1.7036324,0.5828901,-0.98692983,-0.7641175,-0.4586024,-0.9719404,0.62179124,-1.466476,0.8665196,2.3997972,0.8289083,0.7486311,0.09417735,-1.3825909,0.95534366,-0.85738415,-0.71199083,-0.06396767,0.6757106,-1.2108368,0.78433865,0.050536543,0.35407996,-0.40093684,0.62559116,-2.5936055,0.0796584,-0.5052246,-0.64854443,1.7010329,-1.0555284,-0.82628095,1.7246201,-0.055454805,0.98053634,0.6868346,1.4820912,-0.36820298,-1.1499158,1.8576081,-0.7349091,2.308976,0.622905,2.0785584,-0.4244445,-1.6555306,-0.032869726,1.3117584,-0.2408948,-0.09806856,1.3417077,-0.48258966,-1.2922859,-1.0389295,1.8250903,1.7585084,0.12313619,-2.2737088,0.5079491,-0.46250963,-0.8966479,0.57109797,0.34717834,0.89396936,-0.05525826,0.037032615,1.4036726,1.9821025,0.35080335,-0.391712,3.5610502,-2.1891956,2.0461345,-1.2491008,0.6717527,-0.42722493,2.86985,1.2033688,-2.949576,-0.22982362,0.32804012,-1.9343157,-1.6009917,1.7742225,0.58285403,-0.014805108,-0.99517787,-0.7097919,1.7798159,-0.9988274,0.06967479,-0.9925371,-1.0642557,0.3076807,-0.25796023,-2.2674303,-0.38779652,-0.70173323,-0.3389151,2.0290794,0.9728845,-2.3510885,1.427263,0.21522462,-0.7000805,2.4847784,-2.2714763,-0.9575977,-0.6102647,2.008276,-3.1448808,0.26959217,0.8047769,-0.6924139,-2.9989715,0.8715991,0.5492841,-0.727351,2.1208832,-2.5298183,-1.1210423,0.070655644,-1.3800199,1.5395535,-0.16995052,-2.6820402,-0.66445005,-2.1469245,0.53251594,-1.2316285,0.19310112,0.91810656,-0.293221,1.3579278,-0.8764428,-1.6363424,-1.2117685,-1.2830297,0.34763703,2.2586584,-0.14666042,-1.8794436,-2.972123,-0.91374546,-2.4254954,0.0377338,-1.1684288,0.5110041,0.28893197,-0.3291271,-0.47147352,1.0168039,1.2129567,1.3113416,-3.4869826,-0.46948448,0.4200387,-1.5544337,-2.9240103,-0.056862526
1.4027275,0.49733955,-0.74039936,4.469831,1.8380544,-2.1712847,-4.9239354,-0.76067114,3.7077942,-0.1264975,-1.8294741,1.7820439,1.7834277,1.876567,-4.5698733,1.7884715,0.7894809,-6.068744,-2.843669,4.0191875,1.7012621,-0.3894165,9.077852,3.0866687,-2.8389738,-0.65645474,-3.9508667,-1.9416637,-0.7559431,-2.1089036,1.7419405,-2.033673,-2.4149919,-1.4093767,-1.5963322,1.0533663,-3.417778,0.5358244,4.1752295,-0.17107898,0.8315084,3.0861785,-0.8391654,-0.80975485,-2.4178307,0.84942836,0.77657443,5.2508783,-0.8141655,2.5774639,0.8121304,-4.233308,0.6882594,-2.6345406,-1.7239336,-5.9310374,-1.7798474,-1.1890523,-1.5293244,1.2861743,-2.174281,-1.7553189,0.50691473,2.0115244,-7.234473,-2.5893533,1.850771,4.517733,-4.249055,-4.389501,-4.489117,3.7587883,5.087431,-2.5308676,-0.75815964,2.6750653,-1.0930836,-2.1738248,3.49417,3.7966447,2.2310166,-1.8376071,0.2202531,-7.6648135,1.4184736,-1.6733959,-2.6021004,2.739111,0.026450247,0.140908,4.5043755,-1.5488724,1.1597832,2.5912008,-1.3605223,-0.681268,5.6435447,2.055832,2.2811224,-0.84338516,1.3936267,-2.829231,-7.081414,1.3296266,-0.93400437,-4.326632,-4.8056417,3.0949686,2.4424214,-4.6788774,-2.8722794,4.0687437,-2.6470053,-3.4683733,0.8746918,-1.910574,3.8533869,3.2893617,1.1035186,0.0017639995,0.41462836,3.1317346,-0.76709163,4.4336157,1.6604508,-1.7792718,-2.0180497,-0.20254165,-3.8536985,1.5143179,-0.088571645,0.98528844,2.4300742,4.678017,3.224977,2.841795,1.2069597,-1.7396014,0.79000795,-2.2170088,2.7174106,-1.8894445,-0.13770315,0.74140453,0.549147,-0.54226243,1.6724179,-1.0035932,0.22103296,2.8222303,1.006655,0.9124839,2.5655315,-2.6385245,0.9052777,3.1404467,-5.3237147,0.1248263,2.2109022,-2.428955,1.7767087,-2.1922128,-0.105848715,-1.460877,0.76333356,-4.19958,-1.4721559,-2.1581886,1.4483188,0.554023,-0.34758872,0.49810255,0.47835213,-4.936991,1.5568377,0.1870482,2.3162231,0.19875696,-0.5507379,4.7325993,2.8787866,3.7706575,-1.1815773,6.813779,0.96983004,-5.68226,0.98594654,7.028358,-0.75915134,-0.79376775,0.90974075,-0.4346915,-1.4350543,0.9847903,2.7756639,5.3204055,-1.6687827,-4.200076,-1.3876958,-0.005419612,-2.3128846,1.379484,3.9599257,0.17807521,-0.75291526,0.8960978,6.6083784,4.274997,3.686777,-1.9570081,6.8755927,-2.5128653,4.590141,-1.3548307,3.5685635,2.8370373,2.0961382,-1.4600313,-5.515669,4.417233,0.8301605,-0.9948873,-3.701756,-1.3255405,2.2963102,0.2783542,2.9570873,0.074394435,2.960272,-2.661119,-0.22555122,-1.0471439,-7.7404804,0.26464275,2.88719,-3.2001243,-2.0350413,2.088921,-1.7733456,2.4917667,-0.8707705,-5.8996744,-1.7172943,-0.105791904,1.7549697,-1.2137864,-4.8992057,-4.698281,2.3165405,3.2219539,-4.7849627,3.4942312,3.422589,-3.1982129,-3.051511,4.398835,3.0782676,-2.1832044,1.6688683,-6.394031,-0.5622098,-0.993856,1.1603769,6.856787,-0.8150176,-5.0502076,-7.2003756,-2.68914,3.0081959,-1.9726135,3.0634003,2.1064196,2.9616704,-2.459788,-6.6079097,-2.6132956,-2.0648544,0.6960578,-0.12981509,6.9134674,-2.8579648,-2.5309908,-8.7886505,-2.6207492,-0.86694145,0.4869509,-0.46174315,0.4630193,1.9592974,-0.20268658,-3.2618637,4.238117,4.9019914,2.1999135,-4.058798,-2.0890074,-1.885427,-0.5306022,-3.4156482,-0.12867811
1.0393764,0.32541183,-2.127748,1.6403984,-3.6724439,1.7482115,-6.8776174,1.6274824,2.2949095,4.1906185,-1.7701806,-0.91821367,-7.050714,-1.9461291,0.2702784,-0.56065136,-0.14792687,-0.14045413,-5.538978,4.798917,1.8900793,5.9958825,9.683301,4.513829,-4.55016,-1.5538766,0.54234546,-2.5669363,-0.38599378,0.54331464,7.030561,-1.302892,0.7394067,-0.32080337,-0.49384198,1.7321408,-0.29736936,1.4815936,3.3690577,-4.007164,1.3067431,0.8600765,-1.9900867,-1.0462289,-10.327987,0.84193116,-0.5632997,-1.1150875,-0.117519215,2.5095558,1.3551637,-1.4282997,-3.5368855,-2.7765489,-5.98795,-5.479178,-2.432448,1.4887602,1.9039035,0.3066727,-4.3339267,-5.0547643,0.3753376,0.48954275,-6.5591516,1.6951002,1.0342855,3.5474672,1.9769661,-0.5055739,-2.0539622,0.9176274,1.9135725,-3.8062165,-4.515695,5.2271047,-0.42420724,5.313814,1.6407834,5.432754,4.204384,-1.7729539,-5.5492225,-7.0189447,0.58821756,-2.4245439,-5.151957,2.2739956,3.77767,-2.1491752,2.1361148,-3.5561347,0.39420417,-0.49229345,0.47822085,-0.2218999,4.0620947,1.4551063,2.0350935,-0.19202799,-2.1021664,-5.8052645,-2.750715,-8.413708,3.249639,-1.7208874,0.44049534,1.6648946,-0.4715912,-5.2903714,-5.3787184,-0.14548342,-0.27805287,-1.2231168,-0.16939607,-4.231551,0.3065621,1.5785152,-3.307602,0.98459446,-4.6276493,2.354609,-1.7496152,2.9997838,3.076609,-1.2461578,-2.633868,3.2353969,-3.2308474,1.0505308,-0.7414535,-1.0984106,6.6470385,5.254254,-2.376469,8.301544,7.109064,3.8106105,3.9961953,-1.9040842,2.4530878,-2.9507606,-2.3571513,-2.3786774,1.5666175,1.6174268,-1.4113696,0.86128795,0.14882562,2.6137667,6.091992,-0.047238708,4.5324183,1.02907,-2.1773274,-0.90018624,-2.5177145,-4.5102353,2.634978,-3.5907397,-6.9934983,-0.15899716,-4.381222,-0.09764758,2.4108355,-4.9248047,3.1504114,-3.4952786,0.53755885,2.017726,-1.4825368,0.64483184,2.0913155,-4.3151336,-1.4910116,0.6042957,2.788065,-3.0715587,-1.575377,5.027576,1.1182393,3.6670697,-1.9597242,3.292596,5.479219,-0.8304856,0.12163078,-3.0321848,-2.5250182,-3.625644,-0.53450155,3.1067965,-0.79961634,-0.38555384,-0.8827357,3.2894456,-0.75505656,-5.817559,2.37563,0.9997816,-0.7507098,-3.467092,7.2136745,-0.3375992,2.2228997,-2.1341493,7.3188486,-0.14128937,3.834044,2.9511917,5.2668443,-0.23169209,1.635858,-5.358737,2.1636431,0.40639913,0.97126687,2.9824994,-0.8444507,3.8664176,1.2990338,-4.4998684,0.5104331,-0.33656275,3.094467,-3.8984694,-2.4363608,1.145411,4.3786373,-3.5223007,1.6429975,-1.4334326,-0.8215884,-7.183627,0.49605086,-2.8027587,-0.5572811,-2.8653169,-1.0469277,7.018073,1.2478725,1.6767005,3.408216,-0.12263367,-4.457983,-1.6590788,-8.388371,-5.4597826,2.5468597,-1.3921562,-5.0396757,0.07189849,0.9898097,0.60213405,-5.3338366,0.9650007,2.5913906,-1.6234506,3.2801993,1.0556375,-0.73349625,-1.8126829,4.3402,5.758313,2.691254,-1.6248788,-4.8235207,2.3232274,-2.2634091,-2.9703586,-0.38627324,2.6785085,0.17648773,4.523475,2.1776497,-0.038204536,-2.1771145,0.6758734,-1.8956337,1.3272231,-4.5540257,-2.4575837,-12.159252,-5.1289797,3.3114464,-0.24918407,-0.33118868,-3.47612,-2.1989918,-1.077803,0.29605442,7.1833043,6.5469093,-2.3733323,-4.626442,-0.35392255,-2.2110538,-3.1266618,-2.8960018,-0.66143775
3.2853,-3.0652277,-2.630614,4.5140877,0.22472955,1.1063323,-6.293673,-1.5903797,0.89167655,-0.29140735,-0.5382541,-1.1695343,-3.0825534,2.0741363,-4.2948303,-2.26614,2.5467963,-3.3513384,-0.4793135,5.128987,1.6996243,1.6897587,4.3037577,3.4023988,-4.626346,0.274859,-3.2710757,-4.314911,0.7216813,-0.93538064,5.752836,-4.8597336,-4.0398417,-2.7485068,3.9224536,1.5462732,-1.631457,-0.77929294,5.415899,1.4382464,1.7975422,-1.1912411,-2.6381955,-0.76648396,-3.4634018,1.6047916,-1.0293934,4.334337,-1.1383007,5.4952254,4.211887,-2.1129289,0.50362694,-5.4365015,-4.3725567,-4.171102,0.1572149,2.216467,0.5790733,1.959767,1.784344,-5.7892694,-2.4520552,-1.6050884,-9.005733,-3.066437,2.6364496,0.18327594,0.6347259,-1.1167116,-0.25084573,-0.19207086,4.895896,-2.129298,-0.66810316,2.9219384,-3.0684206,0.42376706,-0.5041579,-0.2419154,1.2721237,-0.14199096,-3.624761,-2.4894407,-0.54846853,0.89057815,-2.2103124,4.467788,0.38302556,0.6474933,4.45153,-2.7378767,1.4060947,2.0757694,2.0057647,-0.17774624,0.35353428,2.3287008,2.4106972,1.0154632,-2.9882033,-0.75178003,-1.0810343,-5.16067,3.0551438,-1.1358701,-0.048615932,1.4974382,0.2525646,0.43432423,-5.1864166,-1.9505048,-1.2840662,0.019230533,1.0638928,-3.610874,3.2502644,2.8770993,0.9429757,2.079752,-3.8774176,1.171227,-1.6239955,2.2300856,0.24073833,-4.4265714,-4.551575,-0.5978416,-1.5573466,0.5537296,-2.88519,1.7486098,3.8121455,2.3980758,-0.54923004,3.998022,3.3427603,0.72902083,0.97611,-1.6446168,2.0768552,-3.1449475,-3.3675072,-1.2101824,2.4036312,1.6869047,-0.90007067,1.4468187,1.1151769,3.555254,5.0276694,1.7901559,5.2548203,-2.5462384,-0.41798064,0.86212105,-2.1454618,-0.645994,1.9633332,-1.7021451,-2.6990404,-2.57452,-3.0199668,-3.2617817,0.97363746,-4.196238,-0.5083196,-0.031753585,0.1714674,1.7656744,-5.509728,-4.06528,3.895395,-2.9529254,3.1628802,2.1089725,3.5597718,-1.96554,-0.09883046,5.4220233,-0.7550847,4.3690114,-2.7248926,4.6005836,3.593984,-1.0996183,-0.6708913,-1.261654,-2.1304784,-1.9271317,-1.1219413,1.0894105,-2.1443682,0.5405685,1.6106436,0.3951597,-2.0783823,-4.5951557,-0.31616026,0.2602382,3.0527067,1.6738352,1.7228701,1.3955528,1.8186692,-3.6011434,4.34833,3.0325255,2.1560802,-2.5858548,5.1614466,-3.3449495,3.2162843,-3.1598341,1.2417008,2.211363,2.420689,2.9687464,-3.5942097,0.64187574,-0.25560606,-2.0298321,-1.5729808,0.95612365,4.3614063,0.017950334,0.0643991,0.17717761,1.7728153,-2.5301816,1.9259334,-0.8455287,-1.7501771,-4.030094,1.5650403,-4.0737386,-0.9313246,-0.30187726,-2.1356273,4.2290354,0.23962289,-1.2135218,3.22572,-1.1066065,-2.262426,1.7446096,-4.8195896,-3.2586262,-1.0522454,-3.9260056,-6.283673,1.1843594,-0.34636182,-2.3809204,-9.003782,2.5833178,0.5929078,-3.950333,0.5136593,-3.4634821,0.6517917,1.4967712,3.2158828,6.120262,3.3545399,-2.4815242,-4.736801,0.067753986,-1.3493378,-1.1315316,-3.8416533,-0.55254567,-3.302565,2.1344578,-0.3620041,-3.3952127,-2.6973588,0.7379998,1.3096799,0.37539098,-2.1403985,-2.573669,-5.8633895,-3.6221676,-2.7894058,0.27024195,-0.03879589,1.0758451,-0.19199549,0.30331686,-0.8615178,4.132313,6.592786,-1.7611316,-1.6595988,-1.7226003,-1.4153681,-1.9364719,-6.4925723,-1.0250931
-2.3197932,2.6177986,-1.1012788,-1.1007656,2.051539,-0.52515996,-6.565131,0.5378968,3.5773263,0.23888661,-0.9568187,0.5275478,3.0497675,0.5085894,-2.2969763,-0.17246386,3.7937675,-2.527406,-2.6567419,2.0799348,0.76340294,1.2482622,5.3869667,1.5468265,-1.415678,-0.65646064,-2.3903158,-1.5295441,-0.3976946,-0.25042453,1.048285,-1.9580433,-3.5800347,0.62308323,0.15722647,0.51699793,-0.78571725,0.9957432,2.4243078,1.3034045,-0.8612056,0.87566715,0.17634341,0.07356826,-2.4157772,0.6789831,-0.5124533,4.86371,-2.518272,1.7522651,0.42589712,-6.424392,-1.2683643,-2.5921047,-3.6235523,-4.9303026,-4.234057,0.41260442,-0.28063664,0.8406164,-0.21738425,-0.06453818,-2.1888,0.5684421,-5.802358,0.7566808,2.8678532,0.1709224,-4.9426837,-4.6126833,-1.5250506,1.4018841,4.6460776,-6.316276,0.12223718,1.9729978,-4.3978763,1.5788085,-1.8251456,0.84383786,2.9570336,-0.35582432,0.42043662,-5.969978,2.646629,1.0019469,-0.97536814,3.459176,-1.9725584,-0.32227585,1.0107096,0.23845866,0.63015854,0.4772647,0.84075487,-0.34379107,2.5962136,2.1962404,4.301905,-0.34577602,-2.4662962,-3.7276762,-2.7609143,-0.12164143,2.515349,-4.1122885,-4.998714,3.1279647,2.802897,-3.54092,-4.816772,4.2926283,1.4167588,-2.9354198,0.5770604,-2.5024366,3.5218506,2.0653226,-1.7255088,2.2996728,-2.298689,1.5503494,-0.5576576,4.600087,0.7625469,-4.5787997,-3.7365828,0.6708967,-3.4406962,-1.7881082,-4.0755825,1.0106959,-0.083075255,6.1418414,0.28074247,3.5569527,2.3980966,-1.2893385,2.9125764,-0.40867814,1.7186661,-0.13890727,0.4661632,-1.7306124,1.5320518,0.96718526,3.9871056,-0.9586556,1.90555,2.4235895,1.3623853,1.1062918,2.5442667,-2.3206391,3.280064,1.0723399,-3.8033595,-0.20165151,0.40372688,-3.3325026,2.4304118,-0.57971346,0.32245037,3.9041367,1.3674502,-3.049841,1.2628237,-2.375977,-0.5447284,2.8090415,-2.7173371,-0.44200122,4.553572,0.27151567,0.12349337,-1.0855161,3.2226534,-2.0177665,-2.5873249,2.0309343,-0.9663737,3.8002915,-0.11459428,4.1333466,0.78324974,-3.2299616,-0.9579329,0.26841715,-0.96789813,-1.6683486,2.9215598,-0.6389705,-4.0133615,-1.1009301,2.378219,2.0576081,-0.034788728,-3.915734,1.2753133,-2.5703123,-0.868676,-0.063421115,3.4403846,1.1228791,1.8377453,-0.67549205,2.304227,1.9844695,3.966393,-1.8270931,8.127623,-1.4461557,5.7521057,-2.3168411,4.6936526,2.8215563,1.9665207,3.0924168,-6.590115,3.4891024,2.7849674,-4.855127,-3.850552,0.5558446,1.6412811,-3.9429514,0.083993725,0.600652,3.63187,-1.8855596,0.06638697,-1.5281223,-5.228947,-0.9948259,-1.4530686,-2.461719,-0.7326146,-1.2257588,-2.7225595,4.723647,0.44141018,-5.170918,2.7888687,0.87897176,-3.1448796,3.1244104,-4.589411,-2.4103036,0.55338675,0.48223096,-6.633413,1.4943471,0.696921,-3.1840155,-6.1145453,3.59425,0.8535944,-1.6598734,4.8768263,-6.1830463,1.5254024,0.10444879,1.7096235,2.730492,-0.72585154,-1.9574157,-0.5580981,-2.7644076,1.1837387,-1.6910068,1.0648338,1.924442,0.92456615,1.3987001,-1.705163,-1.2781487,-2.5186312,0.69583833,-0.6245247,4.3053184,-0.96029764,-0.15760496,-6.4152446,-1.702899,-1.4644344,1.3479297,-0.35054284,0.31890583,3.0427506,0.20962906,-1.7932965,0.8477847,4.1525126,1.490717,-3.4891617,-3.5570283,0.08709821,-3.0527196,-5.158452,-0.46631145
1.1753068,-3.967577,-4.827512,3.9173968,1.1860812,-6.5383716,-5.873565,-2.3722813,-2.4823034,-0.24843033,-2.6103272,1.2756264,8.712341,1.80325,-4.86654,1.9739429,-2.6691332,-3.3191516,-2.3833597,1.7052758,6.3353415,3.6997619,11.217348,1.6395246,-4.145678,2.0990758,-3.1736155,1.0606791,-2.6549683,-4.675079,6.7362156,-5.9440937,-5.389442,-3.9131246,-2.3361874,-0.4377438,-5.058662,-0.109510265,8.677694,-0.0325346,-2.2831295,2.7893553,1.1914567,-0.09556624,-7.1339746,5.3298087,0.80440295,7.767556,-4.749793,3.6700175,-3.534863,-4.850956,-2.3670785,-0.32816115,-7.795995,-10.347111,-7.821654,2.8844404,2.6194746,-0.59514153,-4.367291,-6.321352,-2.0949187,6.391598,-10.62528,-5.406447,7.9085827,1.3756863,-10.580968,-9.814112,-10.803822,8.226893,11.310085,-1.1746978,-4.1232066,-1.5057619,0.77967656,2.8620706,3.2496939,3.9424722,4.2789965,-4.2604656,-2.0022905,-15.601876,4.190267,-0.0908974,-1.7259858,7.5922346,4.5348606,-2.82542,-2.6572914,-0.7661898,-2.7717197,-0.9505268,2.4707444,-6.641738,3.04606,4.698793,5.4337587,-4.691227,0.18540725,-4.1306562,-6.601221,1.1825385,0.3542974,-3.1300652,-7.1283607,7.084421,2.9157948,-4.218114,-6.31758,2.4125354,-7.210825,0.4038688,-0.5884242,1.4089093,9.4616785,5.979816,0.3597982,-3.2263012,1.2676244,6.0480266,0.62978685,7.400863,-1.597463,-4.3474183,-1.2052281,2.7049768,-7.7366724,-1.1660736,-6.131255,4.673056,3.9446762,4.4520464,11.2979355,2.6473327,5.4464025,2.5963895,-5.065502,-6.0110683,6.050622,-7.774443,-2.598637,-2.1378667,-3.3000793,3.6195827,-0.4407033,-2.1666174,-1.1037961,-0.58909035,8.900657,5.9941344,13.399926,-0.59718853,1.3896419,6.9661226,-7.33314,2.6068096,1.402088,-2.832856,1.862779,-3.0310543,-1.3775016,-2.724769,-1.8901576,-8.742162,-7.8372326,-5.7648053,0.16954534,1.2190884,-0.56157273,2.7230573,-0.4913386,-8.76206,4.4979444,-5.1727295,1.6716282,4.5250406,3.4027627,8.30324,5.842367,5.641154,5.3378463,13.001972,1.9896926,-7.738683,-0.72450703,7.106699,0.5642153,-4.910978,6.860487,-0.6400682,-2.956237,-0.6765541,0.3172519,9.349106,1.1434569,-6.8572836,-4.0871634,-0.7023713,-2.4646482,2.2151132,8.384194,4.1862698,-1.4096813,6.92478,8.256903,8.142172,9.092159,-1.359233,10.834339,-4.110753,13.0228195,-8.212521,6.1203866,3.1995811,3.5822985,2.256848,-6.515399,4.4864664,3.3145206,-4.4796824,-13.735412,1.522384,1.8545556,-2.0817447,3.9131968,-6.790634,3.5389059,-0.32677716,4.136625,-2.787242,-6.449067,-2.534184,2.1444,-10.760315,3.3925161,8.060696,-1.5529233,3.4334881,0.5889352,-8.108934,-0.6347944,-1.6371999,2.0010476,3.7768707,-9.40365,-7.718797,6.042859,10.3392935,-10.81159,8.901227,7.135219,-3.095182,-10.621247,9.136441,3.2138476,0.043178413,1.9944289,-7.5869045,3.0539098,0.32001567,-3.900035,7.782358,0.6398387,-4.3721766,-4.0403295,-6.9079957,1.4797457,-0.20425212,6.3008947,2.74231,7.941677,-3.792109,-6.834502,-8.112487,-6.928285,0.9023629,-1.3610216,9.495416,-1.3375647,-3.5088158,-16.107002,-9.7942505,-3.2393475,4.5236964,-4.6556277,-0.049869448,3.9869878,-1.0265048,-5.4921093,8.258159,1.4640346,0.5020179,-6.2200947,-8.652567,-8.367706,-1.0417056,-10.356519,0.8875879
